{"RL-001.jpg": [], "RL-002.jpg": [], "RL-009.jpg": [[126.0, 546.0, 201.0, 621.0, 0.9044363755633561], [156.0, 498.0, 231.0, 573.0, 0.9023676220353365], [66.0, 576.0, 141.0, 624.0, 0.8932913083136946], [174.0, 552.0, 249.0, 597.0, 0.8896414004389998], [186.0, 480.0, 261.0, 525.0, 0.8860157935939967], [222.0, 516.0, 255.0, 582.0, 0.8774529429528688]], "RL-021.jpg": [], "RL-024.jpg": [], "RL-032.jpg": [], "RL-035.jpg": [], "RL-044.jpg": [], "RL-058.jpg": [], "RL-067.jpg": [], "RL-070.jpg": [], "RL-077.jpg": [], "RL-083.jpg": [], "RL-087.jpg": [], "RL-088.jpg": [], "RL-091.jpg": [], "RL-095.jpg": [], "RL-097.jpg": [], "RL-102.jpg": [], "RL-106.jpg": [], "RL-107.jpg": [], "RL-109.jpg": [], "RL-112.jpg": [[363.0, 162.0, 375.0, 225.0, 0.8751775674649299]], "RL-117.jpg": [], "RL-126.jpg": [], "RL-136.jpg": [], "RL-137.jpg": [], "RL-141.jpg": [], "RL-144.jpg": [], "RL-166.jpg": [], "RL-172.jpg": [[153.0, 354.0, 204.0, 423.0, 0.8891997883952847], [141.0, 315.0, 207.0, 390.0, 0.8865422172855091], [312.0, 306.0, 336.0, 369.0, 0.886402975028327], [183.0, 273.0, 216.0, 336.0, 0.8850373654414425], [261.0, 333.0, 333.0, 366.0, 0.8825055676321503], [312.0, 342.0, 336.0, 414.0, 0.8684179221063956]], "RL-173.jpg": [[78.0, 15.0, 129.0, 81.0, 0.872039065845625]], "RL-183.jpg": [], "RL-188.jpg": [], "RL-192.jpg": [], "RL-197.jpg": [], "RL-206.jpg": [], "RL-221.jpg": [], "RL-223.jpg": [], "RL-241.jpg": [], "RL-246.jpg": [[396.0, 276.0, 462.0, 351.0, 0.8977609491247257], [399.0, 345.0, 462.0, 405.0, 0.8880744766737588]], "RL-262.jpg": [], "RL-264.jpg": [], "RL-273.jpg": [[150.0, 324.0, 216.0, 369.0, 0.8846229382072801], [156.0, 351.0, 207.0, 423.0, 0.8785105340552314], [168.0, 399.0, 207.0, 468.0, 0.8718925751631372]], "RL-294.jpg": [], "RL-302.jpg": [], "RL-316.jpg": [], "RL-319.jpg": [], "RL-320.jpg": [], "RL-321.jpg": [[414.0, 558.0, 432.0, 621.0, 0.8850668521605772], [408.0, 501.0, 429.0, 576.0, 0.8805608936279773], [408.0, 453.0, 426.0, 528.0, 0.875711893676563], [408.0, 327.0, 420.0, 402.0, 0.8727967004784113], [414.0, 396.0, 423.0, 468.0, 0.8690192849912816]], "RL-331.jpg": [], "RL-333.jpg": []}